"tx","bd","acc_g"
5,1,33.3333333333333
5,2,50.6172839506173
5,3,55.8139534883721
5,4,36.5384615384615
5,5,73.6842105263158
5,6,34.8958333333333
