"tx_g","it_g","bd_g","thrConf_g","nr_added_exs_g"
5,1,"wilt",0.9,2090
5,2,"wilt",0.820147767075461,1359
10,1,"wilt",0.9,1874
10,2,"wilt",0.800511019384745,1393
15,1,"wilt",0.9,1720
15,2,"wilt",0.785960459751822,1366
20,1,"wilt",0.9,1554
20,2,"wilt",0.769836745561193,1350
25,1,"wilt",0.9,1518
25,2,"wilt",0.766579060698053,1205
