"tx","bd","acc_g","tx.1","bd.1","acc_g.1","tx.2","bd.2","acc_g.2","tx.3","bd.3","acc_g.3","tx.4","bd.4","acc_g.4"
5,5,73.6842105263158,10,5,73.6842105263158,15,5,65.7894736842105,20,5,73.6842105263158,25,5,73.6842105263158
5,6,34.8958333333333,10,6,69.7916666666667,15,6,63.0208333333333,20,6,63.0208333333333,25,6,69.7916666666667
5,7,55.4054054054054,10,7,55.4054054054054,15,7,55.4054054054054,20,7,55.4054054054054,25,7,55.4054054054054
