"tx","bd","acc_g"
5,1,86.1356932153392
10,1,86.1356932153392
15,1,84.3657817109145
20,1,83.4808259587021
25,1,84.6607669616519
