"tx","bd","acc_g","tx.1","bd.1","acc_g.1","tx.2","bd.2","acc_g.2","tx.3","bd.3","acc_g.3","tx.4","bd.4","acc_g.4"
5,1,33.3333333333333,10,1,58.3333333333333,15,1,91.6666666666667,20,1,91.6666666666667,25,1,91.6666666666667
