"tx_g","it_g","bd_g","thrConf_g","nr_added_exs_g"
5,1,1,0.9,0
10,1,1,0.9,38
10,2,1,0.744444444444444,65
15,1,1,0.9,97
20,1,1,0.9,92
25,1,1,0.9,52
25,2,1,0.785380116959064,34
