"tx","bd","acc_g"
5,"bupa",42.5287356321839
10,"bupa",44.8275862068966
15,"bupa",45.9770114942529
20,"bupa",43.6781609195402
25,"bupa",45.9770114942529
5,"segment",69.8961937716263
10,"segment",71.1072664359862
15,"segment",71.4532871972318
20,"segment",71.6262975778547
25,"segment",71.7993079584775
