"tx","bd","acc_g"
10,1,58.3333333333333
10,2,56.7901234567901
10,3,58.1395348837209
10,4,28.8461538461538
10,5,73.6842105263158
10,6,69.7916666666667
