"tx","bd","acc_g"
20,1,91.6666666666667
20,2,64.1975308641975
20,3,55.8139534883721
20,4,36.5384615384615
20,5,73.6842105263158
20,6,63.0208333333333
