"tx","bd","acc_g","tx.1","bd.1","acc_g.1","tx.2","bd.2","acc_g.2","tx.3","bd.3","acc_g.3","tx.4","bd.4","acc_g.4"
5,"bupa",55.8139534883721,10,"bupa",58.1395348837209,15,"bupa",58.1395348837209,20,"bupa",55.8139534883721,25,"bupa",55.8139534883721
5,"segment",24.9128919860627,10,"segment",22.9965156794425,15,"segment",23.1707317073171,20,"segment",23.5191637630662,25,"segment",25.0871080139373
