"tx","bd","acc_g"
25,1,91.6666666666667
25,2,69.1358024691358
25,3,55.8139534883721
25,4,36.5384615384615
25,5,73.6842105263158
25,6,69.7916666666667
