"tx_g","it_g","bd_g","thrConf_g","nr_added_exs_g"
5,1,5,0.9,0
10,1,5,0.9,0
15,1,5,0.9,31
15,2,5,0.678260869565217,165
20,1,5,0.9,0
25,1,5,0.9,0
5,1,6,0.9,0
10,1,6,0.9,51
10,2,6,0.662847222222222,468
15,1,6,0.9,0
20,1,6,0.9,0
25,1,6,0.9,0
5,1,7,0.9,0
10,1,7,0.9,0
15,1,7,0.9,0
20,1,7,0.9,0
25,1,7,0.9,0
