"tx","bd","acc_g"
15,1,91.6666666666667
15,2,65.4320987654321
15,3,58.1395348837209
15,4,34.6153846153846
15,5,65.7894736842105
15,6,63.0208333333333
